freq_hz,dbm_tx_on,dbm_tx_off
6.940000000000000000e+06,-9.065625000000000000e+01,-1.066561999999999983e+02
6.940242000000000000e+06,-9.012500000000000000e+01,-1.056561999999999983e+02
6.940484000000000000e+06,-9.115625000000000000e+01,-1.061561999999999983e+02
6.940727000000000000e+06,-9.362500000000000000e+01,-1.081561999999999983e+02
6.940969000000000000e+06,-9.612500000000000000e+01,-1.096561999999999983e+02
6.941211000000000000e+06,-9.062500000000000000e+01,-1.071561999999999983e+02
6.941453000000000000e+06,-9.212500000000000000e+01,-1.051561999999999983e+02
6.941696000000000000e+06,-9.112500000000000000e+01,-1.041561999999999983e+02
6.941938000000000000e+06,-9.065625000000000000e+01,-1.106561999999999983e+02
6.942180000000000000e+06,-8.812500000000000000e+01,-1.111561999999999983e+02
6.942422000000000000e+06,-9.612500000000000000e+01,-1.081561999999999983e+02
6.942664000000000000e+06,-8.962500000000000000e+01,-1.136561999999999983e+02
6.942907000000000000e+06,-9.112500000000000000e+01,-1.066561999999999983e+02
6.943149000000000000e+06,-9.162500000000000000e+01,-1.131561999999999983e+02
6.943391000000000000e+06,-8.812500000000000000e+01,-1.101561999999999983e+02
6.943633000000000000e+06,-9.062500000000000000e+01,-1.121561999999999983e+02
6.943875000000000000e+06,-9.365625000000000000e+01,-1.116561999999999983e+02
6.944118000000000000e+06,-8.662500000000000000e+01,-1.106561999999999983e+02
6.944360000000000000e+06,-8.915625000000000000e+01,-1.081561999999999983e+02
6.944602000000000000e+06,-9.615625000000000000e+01,-1.111561999999999983e+02
6.944844000000000000e+06,-9.212500000000000000e+01,-1.076561999999999983e+02
6.945087000000000000e+06,-9.212500000000000000e+01,-1.056561999999999983e+02
6.945329000000000000e+06,-9.362500000000000000e+01,-1.081561999999999983e+02
6.945571000000000000e+06,-9.512500000000000000e+01,-1.051561999999999983e+02
6.945813000000000000e+06,-8.915625000000000000e+01,-1.076561999999999983e+02
6.946055000000000000e+06,-8.512500000000000000e+01,-1.091561999999999983e+02
6.946298000000000000e+06,-8.812500000000000000e+01,-1.091561999999999983e+02
6.946540000000000000e+06,-8.712500000000000000e+01,-1.136561999999999983e+02
6.946782000000000000e+06,-8.615625000000000000e+01,-1.056561999999999983e+02
6.947024000000000000e+06,-8.512500000000000000e+01,-1.051561999999999983e+02
6.947266000000000000e+06,-8.262500000000000000e+01,-1.121561999999999983e+02
6.947509000000000000e+06,-8.062500000000000000e+01,-1.061561999999999983e+02
6.947751000000000000e+06,-7.915625000000000000e+01,-1.091561999999999983e+02
6.947993000000000000e+06,-7.862500000000000000e+01,-1.061561999999999983e+02
6.948235000000000000e+06,-7.662500000000000000e+01,-1.091561999999999983e+02
6.948478000000000000e+06,-7.612500000000000000e+01,-1.036561999999999983e+02
6.948720000000000000e+06,-7.515625000000000000e+01,-1.096561999999999983e+02
6.948962000000000000e+06,-7.412500000000000000e+01,-1.096561999999999983e+02
6.949204000000000000e+06,-7.462500000000000000e+01,-1.066561999999999983e+02
6.949446000000000000e+06,-7.365625000000000000e+01,-1.091561999999999983e+02
6.949689000000000000e+06,-7.462500000000000000e+01,-1.076561999999999983e+02
6.949931000000000000e+06,-7.312500000000000000e+01,-1.091561999999999983e+02
6.950173000000000000e+06,-7.362500000000000000e+01,-1.016561999999999983e+02
6.950415000000000000e+06,-7.365625000000000000e+01,-1.081561999999999983e+02
6.950657000000000000e+06,-7.412500000000000000e+01,-1.086561999999999983e+02
6.950900000000000000e+06,-7.412500000000000000e+01,-1.091561999999999983e+02
6.951142000000000000e+06,-7.512500000000000000e+01,-1.051561999999999983e+02
6.951384000000000000e+06,-7.565625000000000000e+01,-1.116561999999999983e+02
6.951626000000000000e+06,-7.712500000000000000e+01,-1.096561999999999983e+02
6.951869000000000000e+06,-7.612500000000000000e+01,-1.106561999999999983e+02
6.952111000000000000e+06,-7.815625000000000000e+01,-1.066561999999999983e+02
6.952353000000000000e+06,-8.062500000000000000e+01,-1.081561999999999983e+02
6.952595000000000000e+06,-8.112500000000000000e+01,-1.111561999999999983e+02
6.952837000000000000e+06,-8.265625000000000000e+01,-1.116561999999999983e+02
6.953080000000000000e+06,-8.462500000000000000e+01,-1.041561999999999983e+02
6.953322000000000000e+06,-8.612500000000000000e+01,-1.151561999999999983e+02
6.953564000000000000e+06,-8.812500000000000000e+01,-1.116561999999999983e+02
6.953806000000000000e+06,-8.812500000000000000e+01,-1.091561999999999983e+02
6.954048000000000000e+06,-9.112500000000000000e+01,-1.126561999999999983e+02
6.954291000000000000e+06,-8.962500000000000000e+01,-1.136561999999999983e+02
6.954533000000000000e+06,-9.012500000000000000e+01,-1.041561999999999983e+02
6.954775000000000000e+06,-9.112500000000000000e+01,-1.096561999999999983e+02
6.955017000000000000e+06,-9.262500000000000000e+01,-1.066561999999999983e+02
6.955260000000000000e+06,-9.215625000000000000e+01,-1.136561999999999983e+02
6.955502000000000000e+06,-9.262500000000000000e+01,-1.051561999999999983e+02
6.955744000000000000e+06,-9.362500000000000000e+01,-1.131561999999999983e+02
6.955986000000000000e+06,-8.712500000000000000e+01,-1.116561999999999983e+02
6.956228000000000000e+06,-8.712500000000000000e+01,-1.081561999999999983e+02
6.956471000000000000e+06,-8.612500000000000000e+01,-1.051561999999999983e+02
6.956713000000000000e+06,-9.115625000000000000e+01,-1.081561999999999983e+02
6.956955000000000000e+06,-9.412500000000000000e+01,-1.096561999999999983e+02
6.957197000000000000e+06,-8.812500000000000000e+01,-1.031561999999999983e+02
6.957439000000000000e+06,-9.012500000000000000e+01,-1.061561999999999983e+02
6.957682000000000000e+06,-9.112500000000000000e+01,-1.081561999999999983e+02
6.957924000000000000e+06,-8.712500000000000000e+01,-1.106561999999999983e+02
6.958166000000000000e+06,-9.015625000000000000e+01,-1.096561999999999983e+02
6.958408000000000000e+06,-8.815625000000000000e+01,-1.126561999999999983e+02
6.958651000000000000e+06,-9.062500000000000000e+01,-1.026561999999999983e+02
6.958893000000000000e+06,-8.765625000000000000e+01,-1.046561999999999983e+02
6.959135000000000000e+06,-9.262500000000000000e+01,-1.036561999999999983e+02
6.959377000000000000e+06,-8.812500000000000000e+01,-1.011561999999999983e+02
6.959619000000000000e+06,-8.912500000000000000e+01,-1.031561999999999983e+02
6.959862000000000000e+06,-9.515625000000000000e+01,-1.011561999999999983e+02
6.960104000000000000e+06,-9.412500000000000000e+01,-1.066561999999999983e+02
6.960346000000000000e+06,-8.965625000000000000e+01,-9.915625000000000000e+01
6.960588000000000000e+06,-9.465625000000000000e+01,-1.071561999999999983e+02
6.960830000000000000e+06,-9.262500000000000000e+01,-1.041561999999999983e+02
6.961073000000000000e+06,-9.562500000000000000e+01,-1.101561999999999983e+02
6.961315000000000000e+06,-9.065625000000000000e+01,-1.041561999999999983e+02
6.961557000000000000e+06,-9.162500000000000000e+01,-1.026561999999999983e+02
6.961799000000000000e+06,-8.962500000000000000e+01,-1.046561999999999983e+02
6.962042000000000000e+06,-9.215625000000000000e+01,-1.076561999999999983e+02
6.962284000000000000e+06,-9.162500000000000000e+01,-1.036561999999999983e+02
6.962526000000000000e+06,-8.865625000000000000e+01,-1.061561999999999983e+02
6.962768000000000000e+06,-9.315625000000000000e+01,-1.061561999999999983e+02
6.963010000000000000e+06,-9.012500000000000000e+01,-1.116561999999999983e+02
6.963253000000000000e+06,-9.115625000000000000e+01,-1.091561999999999983e+02
6.963495000000000000e+06,-8.765625000000000000e+01,-1.146561999999999983e+02
6.963737000000000000e+06,-9.862500000000000000e+01,-1.116561999999999983e+02
6.963979000000000000e+06,-9.115625000000000000e+01,-1.061561999999999983e+02
6.964221000000000000e+06,-9.262500000000000000e+01,-1.081561999999999983e+02
6.964464000000000000e+06,-8.912500000000000000e+01,-1.106561999999999983e+02
6.964706000000000000e+06,-9.312500000000000000e+01,-1.051561999999999983e+02
6.964948000000000000e+06,-9.462500000000000000e+01,-1.141561999999999983e+02
6.965190000000000000e+06,-9.362500000000000000e+01,-1.076561999999999983e+02
6.965433000000000000e+06,-9.312500000000000000e+01,-1.071561999999999983e+02
6.965675000000000000e+06,-9.012500000000000000e+01,-1.051561999999999983e+02
6.965917000000000000e+06,-9.062500000000000000e+01,-1.186561999999999983e+02
6.966159000000000000e+06,-8.962500000000000000e+01,-1.146561999999999983e+02
6.966401000000000000e+06,-9.062500000000000000e+01,-1.101561999999999983e+02
6.966644000000000000e+06,-8.812500000000000000e+01,-1.061561999999999983e+02
6.966886000000000000e+06,-9.562500000000000000e+01,-1.101561999999999983e+02
6.967128000000000000e+06,-9.062500000000000000e+01,-1.051561999999999983e+02
6.967370000000000000e+06,-9.215625000000000000e+01,-1.081561999999999983e+02
6.967612000000000000e+06,-9.415625000000000000e+01,-1.071561999999999983e+02
6.967855000000000000e+06,-8.562500000000000000e+01,-1.131561999999999983e+02
6.968097000000000000e+06,-9.065625000000000000e+01,-1.096561999999999983e+02
6.968339000000000000e+06,-9.612500000000000000e+01,-1.086561999999999983e+02
6.968581000000000000e+06,-8.915625000000000000e+01,-1.076561999999999983e+02
6.968824000000000000e+06,-9.212500000000000000e+01,-1.136561999999999983e+02
6.969066000000000000e+06,-9.565625000000000000e+01,-1.066561999999999983e+02
6.969308000000000000e+06,-9.362500000000000000e+01,-1.081561999999999983e+02
6.969550000000000000e+06,-9.115625000000000000e+01,-1.061561999999999983e+02
6.969792000000000000e+06,-8.962500000000000000e+01,-1.091561999999999983e+02
6.970035000000000000e+06,-9.262500000000000000e+01,-1.146561999999999983e+02
6.970277000000000000e+06,-8.862500000000000000e+01,-1.091561999999999983e+02
6.970519000000000000e+06,-9.415625000000000000e+01,-1.091561999999999983e+02
6.970761000000000000e+06,-9.612500000000000000e+01,-1.091561999999999983e+02
6.971003000000000000e+06,-8.865625000000000000e+01,-1.086561999999999983e+02
6.971246000000000000e+06,-8.815625000000000000e+01,-1.016561999999999983e+02
6.971488000000000000e+06,-9.362500000000000000e+01,-1.076561999999999983e+02
6.971730000000000000e+06,-9.262500000000000000e+01,-1.086561999999999983e+02
6.971972000000000000e+06,-8.915625000000000000e+01,-1.066561999999999983e+02
6.972215000000000000e+06,-9.262500000000000000e+01,-1.076561999999999983e+02
6.972457000000000000e+06,-9.312500000000000000e+01,-1.101561999999999983e+02
6.972699000000000000e+06,-8.915625000000000000e+01,-1.131561999999999983e+02
6.972941000000000000e+06,-9.112500000000000000e+01,-1.091561999999999983e+02
6.973183000000000000e+06,-9.215625000000000000e+01,-1.086561999999999983e+02
6.973426000000000000e+06,-9.262500000000000000e+01,-1.136561999999999983e+02
6.973668000000000000e+06,-9.762500000000000000e+01,-1.061561999999999983e+02
6.973910000000000000e+06,-9.415625000000000000e+01,-1.126561999999999983e+02
6.974152000000000000e+06,-8.965625000000000000e+01,-1.081561999999999983e+02
6.974394000000000000e+06,-9.165625000000000000e+01,-1.096561999999999983e+02
6.974637000000000000e+06,-9.212500000000000000e+01,-1.091561999999999983e+02
6.974879000000000000e+06,-9.262500000000000000e+01,-1.056561999999999983e+02
6.975121000000000000e+06,-9.315625000000000000e+01,-1.071561999999999983e+02
6.975363000000000000e+06,-9.362500000000000000e+01,-1.111561999999999983e+02
6.975606000000000000e+06,-9.212500000000000000e+01,-1.136561999999999983e+02
6.975848000000000000e+06,-8.812500000000000000e+01,-1.041561999999999983e+02
6.976090000000000000e+06,-9.312500000000000000e+01,-1.101561999999999983e+02
6.976332000000000000e+06,-9.162500000000000000e+01,-1.096561999999999983e+02
6.976574000000000000e+06,-8.812500000000000000e+01,-1.161561999999999983e+02
6.976817000000000000e+06,-9.412500000000000000e+01,-1.086561999999999983e+02
6.977059000000000000e+06,-9.162500000000000000e+01,-1.086561999999999983e+02
6.977301000000000000e+06,-9.512500000000000000e+01,-1.071561999999999983e+02
6.977543000000000000e+06,-9.265625000000000000e+01,-1.101875000000000000e+02
6.977785000000000000e+06,-8.815625000000000000e+01,-1.101875000000000000e+02
6.978028000000000000e+06,-9.168750000000000000e+01,-1.061875000000000000e+02
6.978270000000000000e+06,-9.218750000000000000e+01,-1.096875000000000000e+02
6.978512000000000000e+06,-9.118750000000000000e+01,-1.101875000000000000e+02
6.978754000000000000e+06,-9.065625000000000000e+01,-1.066875000000000000e+02
6.978997000000000000e+06,-9.468750000000000000e+01,-1.101875000000000000e+02
6.979239000000000000e+06,-9.415625000000000000e+01,-1.186875000000000000e+02
6.979481000000000000e+06,-9.118750000000000000e+01,-1.046875000000000000e+02
6.979723000000000000e+06,-9.365625000000000000e+01,-1.106875000000000000e+02
6.979965000000000000e+06,-9.415625000000000000e+01,-1.086875000000000000e+02
6.980208000000000000e+06,-9.268750000000000000e+01,-1.081875000000000000e+02
6.980450000000000000e+06,-9.765625000000000000e+01,-1.061875000000000000e+02
6.980692000000000000e+06,-9.365625000000000000e+01,-1.106875000000000000e+02
6.980934000000000000e+06,-9.565625000000000000e+01,-1.091875000000000000e+02
6.981176000000000000e+06,-9.218750000000000000e+01,-1.096875000000000000e+02
6.981419000000000000e+06,-9.815625000000000000e+01,-1.096875000000000000e+02
6.981661000000000000e+06,-8.965625000000000000e+01,-1.101875000000000000e+02
6.981903000000000000e+06,-1.001561999999999983e+02,-1.106875000000000000e+02
6.982145000000000000e+06,-9.665625000000000000e+01,-1.076873999999999967e+02
6.982388000000000000e+06,-9.215625000000000000e+01,-1.121875000000000000e+02
6.982630000000000000e+06,-9.415625000000000000e+01,-1.086875000000000000e+02
6.982872000000000000e+06,-9.615625000000000000e+01,-1.116873999999999967e+02
6.983114000000000000e+06,-9.415625000000000000e+01,-1.106875000000000000e+02
6.983356000000000000e+06,-9.465625000000000000e+01,-1.116873999999999967e+02
6.983599000000000000e+06,-9.718750000000000000e+01,-1.076873999999999967e+02
6.983841000000000000e+06,-9.015625000000000000e+01,-1.111875000000000000e+02
6.984083000000000000e+06,-9.318750000000000000e+01,-1.111875000000000000e+02
6.984325000000000000e+06,-9.368750000000000000e+01,-1.141875000000000000e+02
6.984567000000000000e+06,-9.218750000000000000e+01,-1.106875000000000000e+02
6.984810000000000000e+06,-9.318750000000000000e+01,-1.031875000000000000e+02
6.985052000000000000e+06,-9.518750000000000000e+01,-1.126875000000000000e+02
6.985294000000000000e+06,-9.315625000000000000e+01,-1.106875000000000000e+02
6.985536000000000000e+06,-9.065625000000000000e+01,-1.106875000000000000e+02
6.985779000000000000e+06,-9.215625000000000000e+01,-1.076873999999999967e+02
6.986021000000000000e+06,-9.615625000000000000e+01,-1.086875000000000000e+02
6.986263000000000000e+06,-9.065625000000000000e+01,-1.096875000000000000e+02
6.986505000000000000e+06,-9.315625000000000000e+01,-1.096875000000000000e+02
6.986747000000000000e+06,-9.515625000000000000e+01,-1.111875000000000000e+02
6.986990000000000000e+06,-8.965625000000000000e+01,-1.136875000000000000e+02
6.987232000000000000e+06,-9.515625000000000000e+01,-1.076873999999999967e+02
6.987474000000000000e+06,-9.315625000000000000e+01,-1.066875000000000000e+02
6.987716000000000000e+06,-9.168750000000000000e+01,-1.126875000000000000e+02
6.987958000000000000e+06,-9.115625000000000000e+01,-1.171875000000000000e+02
6.988201000000000000e+06,-9.315625000000000000e+01,-1.076873999999999967e+02
6.988443000000000000e+06,-8.965625000000000000e+01,-1.076873999999999967e+02
6.988685000000000000e+06,-9.315625000000000000e+01,-1.111875000000000000e+02
6.988927000000000000e+06,-9.265625000000000000e+01,-1.076873999999999967e+02
6.989170000000000000e+06,-9.365625000000000000e+01,-1.056875000000000000e+02
6.989412000000000000e+06,-8.818750000000000000e+01,-1.101875000000000000e+02
6.989654000000000000e+06,-9.565625000000000000e+01,-1.116873999999999967e+02
6.989896000000000000e+06,-9.515625000000000000e+01,-1.071875000000000000e+02
6.990138000000000000e+06,-9.515625000000000000e+01,-1.071875000000000000e+02
6.990381000000000000e+06,-9.118750000000000000e+01,-1.061875000000000000e+02
6.990623000000000000e+06,-8.965625000000000000e+01,-1.071875000000000000e+02
6.990865000000000000e+06,-9.615625000000000000e+01,-1.096875000000000000e+02
6.991107000000000000e+06,-8.915625000000000000e+01,-1.081875000000000000e+02
6.991349000000000000e+06,-9.218750000000000000e+01,-1.141875000000000000e+02
6.991592000000000000e+06,-9.415625000000000000e+01,-1.081875000000000000e+02
6.991834000000000000e+06,-9.165625000000000000e+01,-1.131875000000000000e+02
6.992076000000000000e+06,-9.268750000000000000e+01,-1.166875000000000000e+02
6.992318000000000000e+06,-8.968750000000000000e+01,-1.066875000000000000e+02
6.992561000000000000e+06,-9.168750000000000000e+01,-1.071875000000000000e+02
6.992803000000000000e+06,-9.115625000000000000e+01,-1.091875000000000000e+02
6.993045000000000000e+06,-9.265625000000000000e+01,-1.081875000000000000e+02
6.993287000000000000e+06,-9.168750000000000000e+01,-1.116873999999999967e+02
6.993529000000000000e+06,-9.368750000000000000e+01,-1.071875000000000000e+02
6.993772000000000000e+06,-9.465625000000000000e+01,-1.116873999999999967e+02
6.994014000000000000e+06,-9.015625000000000000e+01,-1.091875000000000000e+02
6.994256000000000000e+06,-9.065625000000000000e+01,-1.051875000000000000e+02
6.994498000000000000e+06,-8.915625000000000000e+01,-1.176875000000000000e+02
6.994740000000000000e+06,-9.268750000000000000e+01,-1.101875000000000000e+02
6.994983000000000000e+06,-9.015625000000000000e+01,-1.086875000000000000e+02
6.995225000000000000e+06,-9.115625000000000000e+01,-1.046875000000000000e+02
6.995467000000000000e+06,-8.865625000000000000e+01,-1.061875000000000000e+02
6.995709000000000000e+06,-8.015625000000000000e+01,-1.051875000000000000e+02
6.995952000000000000e+06,-8.115625000000000000e+01,-1.101875000000000000e+02
6.996194000000000000e+06,-7.565625000000000000e+01,-1.061875000000000000e+02
6.996436000000000000e+06,-6.515625000000000000e+01,-1.086875000000000000e+02
6.996678000000000000e+06,-6.415625000000000000e+01,-1.136875000000000000e+02
6.996920000000000000e+06,-6.615625000000000000e+01,-1.096875000000000000e+02
6.997163000000000000e+06,-5.918750000000000000e+01,-1.146875000000000000e+02
6.997405000000000000e+06,-5.865625000000000000e+01,-1.036875000000000000e+02
6.997647000000000000e+06,-5.615625000000000000e+01,-1.036875000000000000e+02
6.997889000000000000e+06,-4.965625000000000000e+01,-1.041875000000000000e+02
6.998131000000000000e+06,-4.915625000000000000e+01,-1.096875000000000000e+02
6.998374000000000000e+06,-5.215625000000000000e+01,-1.076873999999999967e+02
6.998616000000000000e+06,-4.765625000000000000e+01,-1.136875000000000000e+02
6.998858000000000000e+06,-4.468750000000000000e+01,-1.076873999999999967e+02
6.999100000000000000e+06,-4.465625000000000000e+01,-1.056875000000000000e+02
6.999343000000000000e+06,-4.365625000000000000e+01,-1.041875000000000000e+02
6.999585000000000000e+06,-4.168750000000000000e+01,-1.066875000000000000e+02
6.999827000000000000e+06,-4.265625000000000000e+01,-1.111875000000000000e+02
7.000069000000000000e+06,-4.165625000000000000e+01,-1.171875000000000000e+02
7.000311000000000000e+06,-4.068750000000000000e+01,-1.066875000000000000e+02
7.000554000000000000e+06,-4.218750000000000000e+01,-1.081875000000000000e+02
7.000796000000000000e+06,-4.065625000000000000e+01,-1.056875000000000000e+02
7.001038000000000000e+06,-3.965625000000000000e+01,-1.101875000000000000e+02
7.001280000000000000e+06,-3.968750000000000000e+01,-1.061875000000000000e+02
7.001522000000000000e+06,-4.015625000000000000e+01,-1.101875000000000000e+02
7.001765000000000000e+06,-3.815625000000000000e+01,-1.091875000000000000e+02
7.002007000000000000e+06,-3.868750000000000000e+01,-1.071875000000000000e+02
7.002249000000000000e+06,-4.215625000000000000e+01,-1.061875000000000000e+02
7.002491000000000000e+06,-3.965625000000000000e+01,-1.066875000000000000e+02
7.002734000000000000e+06,-4.018750000000000000e+01,-1.126875000000000000e+02
7.002976000000000000e+06,-4.268750000000000000e+01,-1.116873999999999967e+02
7.003218000000000000e+06,-4.365625000000000000e+01,-1.036875000000000000e+02
7.003460000000000000e+06,-4.365625000000000000e+01,-1.066875000000000000e+02
7.003702000000000000e+06,-4.518750000000000000e+01,-1.011875000000000000e+02
7.003945000000000000e+06,-4.765625000000000000e+01,-1.116873999999999967e+02
7.004187000000000000e+06,-4.615625000000000000e+01,-1.071875000000000000e+02
7.004429000000000000e+06,-4.415625000000000000e+01,-1.131875000000000000e+02
7.004671000000000000e+06,-5.265625000000000000e+01,-1.061875000000000000e+02
7.004913000000000000e+06,-5.115625000000000000e+01,-1.076873999999999967e+02
7.005156000000000000e+06,-5.518750000000000000e+01,-1.121875000000000000e+02
7.005398000000000000e+06,-5.765625000000000000e+01,-1.071875000000000000e+02
7.005640000000000000e+06,-5.665625000000000000e+01,-1.136875000000000000e+02
7.005882000000000000e+06,-6.215625000000000000e+01,-1.101875000000000000e+02
7.006125000000000000e+06,-6.615625000000000000e+01,-1.116873999999999967e+02
7.006367000000000000e+06,-6.965625000000000000e+01,-1.086875000000000000e+02
7.006609000000000000e+06,-7.465625000000000000e+01,-1.061875000000000000e+02
7.006851000000000000e+06,-7.915625000000000000e+01,-1.106875000000000000e+02
7.007093000000000000e+06,-8.215625000000000000e+01,-1.136875000000000000e+02
7.007336000000000000e+06,-8.865625000000000000e+01,-1.131875000000000000e+02
7.007578000000000000e+06,-9.468750000000000000e+01,-1.056875000000000000e+02
7.007820000000000000e+06,-8.665625000000000000e+01,-1.126875000000000000e+02
7.008062000000000000e+06,-9.015625000000000000e+01,-1.091875000000000000e+02
7.008304000000000000e+06,-9.465625000000000000e+01,-1.056875000000000000e+02
7.008547000000000000e+06,-8.865625000000000000e+01,-1.111875000000000000e+02
7.008789000000000000e+06,-9.068750000000000000e+01,-1.131875000000000000e+02
7.009031000000000000e+06,-9.565625000000000000e+01,-1.091875000000000000e+02
7.009273000000000000e+06,-9.165625000000000000e+01,-1.051875000000000000e+02
7.009516000000000000e+06,-9.468750000000000000e+01,-1.071875000000000000e+02
7.009758000000000000e+06,-9.568750000000000000e+01,-1.131875000000000000e+02
7.010000000000000000e+06,-9.115625000000000000e+01,-1.096875000000000000e+02
